{
  "CodeKitInfo" : "This is a CodeKit project configuration file. It is designed to sync project settings across multiple machines. Modifying the contents of this file can be a poor life decision if you don't know what you're doing. This file is not useful unless accompanied by the project that created it in CodeKit. For more information, see: http:\/\/incident57.com\/codekit",
  "creatorBuild" : "8283",
  "files" : {
    "\/mockup\/example\/skin\/prev.png" : {
      "ignoreWasSetByUser" : 0,
      "ignore" : 0,
      "hidden" : 0,
      "outputPathIsSetByUser" : 0,
      "inputAbbreviatedPath" : "\/mockup\/example\/skin\/prev.png",
      "processed" : 0,
      "outputAbbreviatedPath" : "\/mockup\/example\/skin\/prev.png",
      "initialSize" : 58006,
      "fileType" : 8192
    },
    "\/mockup\/example\/skin\/caption-hover.png" : {
      "ignoreWasSetByUser" : 0,
      "ignore" : 0,
      "hidden" : 0,
      "outputPathIsSetByUser" : 0,
      "inputAbbreviatedPath" : "\/mockup\/example\/skin\/caption-hover.png",
      "processed" : 0,
      "outputAbbreviatedPath" : "\/mockup\/example\/skin\/caption-hover.png",
      "initialSize" : 64629,
      "fileType" : 8192
    },
    "\/js\/PM512-w12-m01-ck.js" : {
      "ignoreWasSetByUser" : 0,
      "ignore" : 1,
      "hidden" : 0,
      "outputPathIsSetByUser" : 0,
      "inputAbbreviatedPath" : "\/js\/PM512-w12-m01-ck.js",
      "outputStyle" : 1,
      "syntaxCheckerStyle" : 1,
      "outputAbbreviatedPath" : "\/js\/PM512-w12-m01-ck-ck.js",
      "fileType" : 64
    },
    "\/mockup\/example\/skin\/btn-replay-front.png" : {
      "ignoreWasSetByUser" : 0,
      "ignore" : 0,
      "hidden" : 0,
      "outputPathIsSetByUser" : 0,
      "inputAbbreviatedPath" : "\/mockup\/example\/skin\/btn-replay-front.png",
      "processed" : 0,
      "outputAbbreviatedPath" : "\/mockup\/example\/skin\/btn-replay-front.png",
      "initialSize" : 67146,
      "fileType" : 8192
    },
    "\/mockup\/example\/images\/s1.jpg" : {
      "ignoreWasSetByUser" : 0,
      "ignore" : 0,
      "hidden" : 0,
      "outputPathIsSetByUser" : 0,
      "inputAbbreviatedPath" : "\/mockup\/example\/images\/s1.jpg",
      "processed" : 0,
      "outputAbbreviatedPath" : "\/mockup\/example\/images\/s1.jpg",
      "initialSize" : 79579,
      "fileType" : 4096
    },
    "\/sass\/screen.scss" : {
      "ignoreWasSetByUser" : 0,
      "ignore" : 0,
      "hidden" : 0,
      "outputPathIsSetByUser" : 0,
      "inputAbbreviatedPath" : "\/sass\/screen.scss",
      "outputStyle" : 0,
      "shouldRunBless" : 0,
      "outputAbbreviatedPath" : "\/.\/screen.css",
      "fileType" : 4,
      "debugStyle" : 2
    },
    "\/skin\/balloon-bot-right.png" : {
      "ignoreWasSetByUser" : 0,
      "ignore" : 0,
      "hidden" : 0,
      "outputPathIsSetByUser" : 0,
      "inputAbbreviatedPath" : "\/skin\/balloon-bot-right.png",
      "processed" : 0,
      "outputAbbreviatedPath" : "\/skin\/balloon-bot-right.png",
      "initialSize" : 60898,
      "fileType" : 8192
    },
    "\/mockup\/example\/images\/s14-kappa-formula.png" : {
      "ignoreWasSetByUser" : 0,
      "ignore" : 0,
      "hidden" : 0,
      "outputPathIsSetByUser" : 0,
      "inputAbbreviatedPath" : "\/mockup\/example\/images\/s14-kappa-formula.png",
      "processed" : 0,
      "outputAbbreviatedPath" : "\/mockup\/example\/images\/s14-kappa-formula.png",
      "initialSize" : 5756,
      "fileType" : 8192
    },
    "\/mockup\/example\/skin\/return.png" : {
      "ignoreWasSetByUser" : 0,
      "ignore" : 0,
      "hidden" : 0,
      "outputPathIsSetByUser" : 0,
      "inputAbbreviatedPath" : "\/mockup\/example\/skin\/return.png",
      "processed" : 0,
      "outputAbbreviatedPath" : "\/mockup\/example\/skin\/return.png",
      "initialSize" : 58635,
      "fileType" : 8192
    },
    "\/style.css" : {
      "ignoreWasSetByUser" : 0,
      "ignore" : 1,
      "hidden" : 0,
      "outputPathIsSetByUser" : 0,
      "inputAbbreviatedPath" : "\/style.css",
      "outputAbbreviatedPath" : "No Output Path",
      "fileType" : 16
    },
    "\/js\/jquery.jplayer.js" : {
      "ignoreWasSetByUser" : 0,
      "ignore" : 0,
      "hidden" : 0,
      "outputPathIsSetByUser" : 0,
      "inputAbbreviatedPath" : "\/js\/jquery.jplayer.js",
      "outputStyle" : 1,
      "syntaxCheckerStyle" : 1,
      "outputAbbreviatedPath" : "\/js\/jquery.jplayer-ck.js",
      "fileType" : 64
    },
    "\/mockup\/example\/skin\/balloon-top-left.png" : {
      "ignoreWasSetByUser" : 0,
      "ignore" : 0,
      "hidden" : 0,
      "outputPathIsSetByUser" : 0,
      "inputAbbreviatedPath" : "\/mockup\/example\/skin\/balloon-top-left.png",
      "processed" : 0,
      "outputAbbreviatedPath" : "\/mockup\/example\/skin\/balloon-top-left.png",
      "initialSize" : 72735,
      "fileType" : 8192
    },
    "\/mockup\/example\/skin\/play.png" : {
      "ignoreWasSetByUser" : 0,
      "ignore" : 0,
      "hidden" : 0,
      "outputPathIsSetByUser" : 0,
      "inputAbbreviatedPath" : "\/mockup\/example\/skin\/play.png",
      "processed" : 0,
      "outputAbbreviatedPath" : "\/mockup\/example\/skin\/play.png",
      "initialSize" : 63640,
      "fileType" : 8192
    },
    "\/sass\/ie.scss" : {
      "ignoreWasSetByUser" : 0,
      "ignore" : 0,
      "hidden" : 0,
      "outputPathIsSetByUser" : 0,
      "inputAbbreviatedPath" : "\/sass\/ie.scss",
      "outputStyle" : 0,
      "shouldRunBless" : 0,
      "outputAbbreviatedPath" : "\/.\/ie.css",
      "fileType" : 4,
      "debugStyle" : 2
    },
    "\/skin\/backups\/return.png" : {
      "ignoreWasSetByUser" : 0,
      "ignore" : 0,
      "hidden" : 0,
      "outputPathIsSetByUser" : 0,
      "inputAbbreviatedPath" : "\/skin\/backups\/return.png",
      "processed" : 0,
      "outputAbbreviatedPath" : "\/skin\/backups\/return.png",
      "initialSize" : 58341,
      "fileType" : 8192
    },
    "\/mockup\/example\/skin\/next.png" : {
      "ignoreWasSetByUser" : 0,
      "ignore" : 0,
      "hidden" : 0,
      "outputPathIsSetByUser" : 0,
      "inputAbbreviatedPath" : "\/mockup\/example\/skin\/next.png",
      "processed" : 0,
      "outputAbbreviatedPath" : "\/mockup\/example\/skin\/next.png",
      "initialSize" : 58062,
      "fileType" : 8192
    },
    "\/js\/ACCT6273-w02-m02-ck.js" : {
      "ignoreWasSetByUser" : 0,
      "ignore" : 1,
      "hidden" : 0,
      "outputPathIsSetByUser" : 0,
      "inputAbbreviatedPath" : "\/js\/ACCT6273-w02-m02-ck.js",
      "outputStyle" : 1,
      "syntaxCheckerStyle" : 1,
      "outputAbbreviatedPath" : "\/js\/ACCT6273-w02-m02-ck-ck.js",
      "fileType" : 64
    },
    "\/mockup\/example\/images\/intro.jpg" : {
      "ignoreWasSetByUser" : 0,
      "ignore" : 0,
      "hidden" : 0,
      "outputPathIsSetByUser" : 0,
      "inputAbbreviatedPath" : "\/mockup\/example\/images\/intro.jpg",
      "processed" : 0,
      "outputAbbreviatedPath" : "\/mockup\/example\/images\/intro.jpg",
      "initialSize" : 85910,
      "fileType" : 4096
    },
    "\/mockup\/example\/skin\/control-hover.png" : {
      "ignoreWasSetByUser" : 0,
      "ignore" : 0,
      "hidden" : 0,
      "outputPathIsSetByUser" : 0,
      "inputAbbreviatedPath" : "\/mockup\/example\/skin\/control-hover.png",
      "processed" : 0,
      "outputAbbreviatedPath" : "\/mockup\/example\/skin\/control-hover.png",
      "initialSize" : 56212,
      "fileType" : 8192
    },
    "\/skin\/btn_replay.png" : {
      "ignoreWasSetByUser" : 0,
      "ignore" : 0,
      "hidden" : 0,
      "outputPathIsSetByUser" : 0,
      "inputAbbreviatedPath" : "\/skin\/btn_replay.png",
      "processed" : 0,
      "outputAbbreviatedPath" : "\/skin\/btn_replay.png",
      "initialSize" : 97234,
      "fileType" : 8192
    },
    "\/sass\/_base.scss" : {
      "ignoreWasSetByUser" : 0,
      "ignore" : 1,
      "hidden" : 0,
      "outputPathIsSetByUser" : 0,
      "inputAbbreviatedPath" : "\/sass\/_base.scss",
      "outputStyle" : 0,
      "shouldRunBless" : 0,
      "outputAbbreviatedPath" : "\/.\/_base.css",
      "fileType" : 4,
      "debugStyle" : 2
    },
    "\/mockup\/example\/skin\/pause-hover.png" : {
      "ignoreWasSetByUser" : 0,
      "ignore" : 0,
      "hidden" : 0,
      "outputPathIsSetByUser" : 0,
      "inputAbbreviatedPath" : "\/mockup\/example\/skin\/pause-hover.png",
      "processed" : 0,
      "outputAbbreviatedPath" : "\/mockup\/example\/skin\/pause-hover.png",
      "initialSize" : 55661,
      "fileType" : 8192
    },
    "\/mockup\/example\/skin\/volume-hover.png" : {
      "ignoreWasSetByUser" : 0,
      "ignore" : 0,
      "hidden" : 0,
      "outputPathIsSetByUser" : 0,
      "inputAbbreviatedPath" : "\/mockup\/example\/skin\/volume-hover.png",
      "processed" : 0,
      "outputAbbreviatedPath" : "\/mockup\/example\/skin\/volume-hover.png",
      "initialSize" : 64492,
      "fileType" : 8192
    },
    "\/mockup\/example\/js\/jQuery.lilkev.js" : {
      "ignoreWasSetByUser" : 0,
      "ignore" : 0,
      "hidden" : 0,
      "outputPathIsSetByUser" : 0,
      "inputAbbreviatedPath" : "\/mockup\/example\/js\/jQuery.lilkev.js",
      "outputStyle" : 1,
      "syntaxCheckerStyle" : 1,
      "outputAbbreviatedPath" : "\/mockup\/example\/js\/jQuery.lilkev-ck.js",
      "fileType" : 64
    },
    "\/mockup\/example\/skin\/volume-muted.png" : {
      "ignoreWasSetByUser" : 0,
      "ignore" : 0,
      "hidden" : 0,
      "outputPathIsSetByUser" : 0,
      "inputAbbreviatedPath" : "\/mockup\/example\/skin\/volume-muted.png",
      "processed" : 0,
      "outputAbbreviatedPath" : "\/mockup\/example\/skin\/volume-muted.png",
      "initialSize" : 67695,
      "fileType" : 8192
    },
    "\/skin\/pause-hover.png" : {
      "ignoreWasSetByUser" : 0,
      "ignore" : 0,
      "hidden" : 0,
      "outputPathIsSetByUser" : 0,
      "inputAbbreviatedPath" : "\/skin\/pause-hover.png",
      "processed" : 0,
      "outputAbbreviatedPath" : "\/skin\/pause-hover.png",
      "initialSize" : 55661,
      "fileType" : 8192
    },
    "\/mockup\/example\/skin\/opacity-50-black.png" : {
      "ignoreWasSetByUser" : 0,
      "ignore" : 0,
      "hidden" : 0,
      "outputPathIsSetByUser" : 0,
      "inputAbbreviatedPath" : "\/mockup\/example\/skin\/opacity-50-black.png",
      "processed" : 0,
      "outputAbbreviatedPath" : "\/mockup\/example\/skin\/opacity-50-black.png",
      "initialSize" : 254,
      "fileType" : 8192
    },
    "\/mockup\/example\/images\/s2.jpg" : {
      "ignoreWasSetByUser" : 0,
      "ignore" : 0,
      "hidden" : 0,
      "outputPathIsSetByUser" : 0,
      "inputAbbreviatedPath" : "\/mockup\/example\/images\/s2.jpg",
      "processed" : 0,
      "outputAbbreviatedPath" : "\/mockup\/example\/images\/s2.jpg",
      "initialSize" : 54656,
      "fileType" : 4096
    },
    "\/skin\/backups\/balloon-top-left.png" : {
      "ignoreWasSetByUser" : 0,
      "ignore" : 0,
      "hidden" : 0,
      "outputPathIsSetByUser" : 0,
      "inputAbbreviatedPath" : "\/skin\/backups\/balloon-top-left.png",
      "processed" : 0,
      "outputAbbreviatedPath" : "\/skin\/backups\/balloon-top-left.png",
      "initialSize" : 60965,
      "fileType" : 8192
    },
    "\/skin\/backups\/playbarbuttons.png" : {
      "ignoreWasSetByUser" : 0,
      "ignore" : 0,
      "hidden" : 0,
      "outputPathIsSetByUser" : 0,
      "inputAbbreviatedPath" : "\/skin\/backups\/playbarbuttons.png",
      "processed" : 0,
      "outputAbbreviatedPath" : "\/skin\/backups\/playbarbuttons.png",
      "initialSize" : 138212,
      "fileType" : 8192
    },
    "\/mockup\/example\/skin\/btn_replay-work.png" : {
      "ignoreWasSetByUser" : 0,
      "ignore" : 0,
      "hidden" : 0,
      "outputPathIsSetByUser" : 0,
      "inputAbbreviatedPath" : "\/mockup\/example\/skin\/btn_replay-work.png",
      "processed" : 0,
      "outputAbbreviatedPath" : "\/mockup\/example\/skin\/btn_replay-work.png",
      "initialSize" : 125963,
      "fileType" : 8192
    },
    "\/mockup\/example\/skin\/btn_replay.png" : {
      "ignoreWasSetByUser" : 0,
      "ignore" : 0,
      "hidden" : 0,
      "outputPathIsSetByUser" : 0,
      "inputAbbreviatedPath" : "\/mockup\/example\/skin\/btn_replay.png",
      "processed" : 0,
      "outputAbbreviatedPath" : "\/mockup\/example\/skin\/btn_replay.png",
      "initialSize" : 97234,
      "fileType" : 8192
    },
    "\/mockup\/example\/skin\/bg_cwru.jpg" : {
      "ignoreWasSetByUser" : 0,
      "ignore" : 0,
      "hidden" : 0,
      "outputPathIsSetByUser" : 0,
      "inputAbbreviatedPath" : "\/mockup\/example\/skin\/bg_cwru.jpg",
      "processed" : 0,
      "outputAbbreviatedPath" : "\/mockup\/example\/skin\/bg_cwru.jpg",
      "initialSize" : 35165,
      "fileType" : 4096
    },
    "\/mockup\/example\/skin\/jplayer.custom.css" : {
      "ignoreWasSetByUser" : 0,
      "ignore" : 0,
      "hidden" : 0,
      "outputPathIsSetByUser" : 0,
      "inputAbbreviatedPath" : "\/mockup\/example\/skin\/jplayer.custom.css",
      "outputAbbreviatedPath" : "No Output Path",
      "fileType" : 16
    },
    "\/skin\/btn-replay-front.png" : {
      "ignoreWasSetByUser" : 0,
      "ignore" : 0,
      "hidden" : 0,
      "outputPathIsSetByUser" : 0,
      "inputAbbreviatedPath" : "\/skin\/btn-replay-front.png",
      "processed" : 0,
      "outputAbbreviatedPath" : "\/skin\/btn-replay-front.png",
      "initialSize" : 67146,
      "fileType" : 8192
    },
    "\/mockup\/example\/skin\/balloon-bot-right.png" : {
      "ignoreWasSetByUser" : 0,
      "ignore" : 0,
      "hidden" : 0,
      "outputPathIsSetByUser" : 0,
      "inputAbbreviatedPath" : "\/mockup\/example\/skin\/balloon-bot-right.png",
      "processed" : 0,
      "outputAbbreviatedPath" : "\/mockup\/example\/skin\/balloon-bot-right.png",
      "initialSize" : 60898,
      "fileType" : 8192
    },
    "\/mockup\/example\/images\/s14-percent-formula.png" : {
      "ignoreWasSetByUser" : 0,
      "ignore" : 0,
      "hidden" : 0,
      "outputPathIsSetByUser" : 0,
      "inputAbbreviatedPath" : "\/mockup\/example\/images\/s14-percent-formula.png",
      "processed" : 0,
      "outputAbbreviatedPath" : "\/mockup\/example\/images\/s14-percent-formula.png",
      "initialSize" : 9969,
      "fileType" : 8192
    },
    "\/skin\/volume-muted-hover.png" : {
      "ignoreWasSetByUser" : 0,
      "ignore" : 0,
      "hidden" : 0,
      "outputPathIsSetByUser" : 0,
      "inputAbbreviatedPath" : "\/skin\/volume-muted-hover.png",
      "processed" : 0,
      "outputAbbreviatedPath" : "\/skin\/volume-muted-hover.png",
      "initialSize" : 67335,
      "fileType" : 8192
    },
    "\/skin\/caption.png" : {
      "ignoreWasSetByUser" : 0,
      "ignore" : 0,
      "hidden" : 0,
      "outputPathIsSetByUser" : 0,
      "inputAbbreviatedPath" : "\/skin\/caption.png",
      "processed" : 0,
      "outputAbbreviatedPath" : "\/skin\/caption.png",
      "initialSize" : 64459,
      "fileType" : 8192
    },
    "\/images\/aisle.jpg" : {
      "ignoreWasSetByUser" : 0,
      "ignore" : 0,
      "hidden" : 0,
      "outputPathIsSetByUser" : 0,
      "inputAbbreviatedPath" : "\/images\/aisle.jpg",
      "processed" : 0,
      "outputAbbreviatedPath" : "\/images\/aisle.jpg",
      "initialSize" : 131775,
      "fileType" : 4096
    },
    "\/mockup\/example\/skin\/volume-slider.png" : {
      "ignoreWasSetByUser" : 0,
      "ignore" : 0,
      "hidden" : 0,
      "outputPathIsSetByUser" : 0,
      "inputAbbreviatedPath" : "\/mockup\/example\/skin\/volume-slider.png",
      "processed" : 0,
      "outputAbbreviatedPath" : "\/mockup\/example\/skin\/volume-slider.png",
      "initialSize" : 53719,
      "fileType" : 8192
    },
    "\/skin\/backups\/volume_control.png" : {
      "ignoreWasSetByUser" : 0,
      "ignore" : 0,
      "hidden" : 0,
      "outputPathIsSetByUser" : 0,
      "inputAbbreviatedPath" : "\/skin\/backups\/volume_control.png",
      "processed" : 0,
      "outputAbbreviatedPath" : "\/skin\/backups\/volume_control.png",
      "initialSize" : 52723,
      "fileType" : 8192
    },
    "\/js\/jQuery.lilkev.js" : {
      "ignoreWasSetByUser" : 0,
      "ignore" : 0,
      "hidden" : 0,
      "outputPathIsSetByUser" : 0,
      "inputAbbreviatedPath" : "\/js\/jQuery.lilkev.js",
      "outputStyle" : 1,
      "syntaxCheckerStyle" : 1,
      "outputAbbreviatedPath" : "\/js\/jQuery.lilkev-ck.js",
      "fileType" : 64
    },
    "\/mockup\/example\/PM512-w12-m01.css" : {
      "ignoreWasSetByUser" : 0,
      "ignore" : 0,
      "hidden" : 0,
      "outputPathIsSetByUser" : 0,
      "inputAbbreviatedPath" : "\/mockup\/example\/PM512-w12-m01.css",
      "outputAbbreviatedPath" : "No Output Path",
      "fileType" : 16
    },
    "\/skin\/next.png" : {
      "ignoreWasSetByUser" : 0,
      "ignore" : 0,
      "hidden" : 0,
      "outputPathIsSetByUser" : 0,
      "inputAbbreviatedPath" : "\/skin\/next.png",
      "processed" : 0,
      "outputAbbreviatedPath" : "\/skin\/next.png",
      "initialSize" : 58062,
      "fileType" : 8192
    },
    "\/skin\/backups\/play.png" : {
      "ignoreWasSetByUser" : 0,
      "ignore" : 0,
      "hidden" : 0,
      "outputPathIsSetByUser" : 0,
      "inputAbbreviatedPath" : "\/skin\/backups\/play.png",
      "processed" : 0,
      "outputAbbreviatedPath" : "\/skin\/backups\/play.png",
      "initialSize" : 65453,
      "fileType" : 8192
    },
    "\/js\/ACCT6273-w02-m02.js" : {
      "ignoreWasSetByUser" : 0,
      "ignore" : 0,
      "hidden" : 0,
      "outputPathIsSetByUser" : 0,
      "inputAbbreviatedPath" : "\/js\/ACCT6273-w02-m02.js",
      "outputStyle" : 1,
      "syntaxCheckerStyle" : 1,
      "outputAbbreviatedPath" : "\/js\/ACCT6273-w02-m02-ck.js",
      "fileType" : 64
    },
    "\/skin\/backups\/control-hover.png" : {
      "ignoreWasSetByUser" : 0,
      "ignore" : 0,
      "hidden" : 0,
      "outputPathIsSetByUser" : 0,
      "inputAbbreviatedPath" : "\/skin\/backups\/control-hover.png",
      "processed" : 0,
      "outputAbbreviatedPath" : "\/skin\/backups\/control-hover.png",
      "initialSize" : 55473,
      "fileType" : 8192
    },
    "\/skin\/play-hover.png" : {
      "ignoreWasSetByUser" : 0,
      "ignore" : 0,
      "hidden" : 0,
      "outputPathIsSetByUser" : 0,
      "inputAbbreviatedPath" : "\/skin\/play-hover.png",
      "processed" : 0,
      "outputAbbreviatedPath" : "\/skin\/play-hover.png",
      "initialSize" : 56031,
      "fileType" : 8192
    },
    "\/skin\/caption-hover.png" : {
      "ignoreWasSetByUser" : 0,
      "ignore" : 0,
      "hidden" : 0,
      "outputPathIsSetByUser" : 0,
      "inputAbbreviatedPath" : "\/skin\/caption-hover.png",
      "processed" : 0,
      "outputAbbreviatedPath" : "\/skin\/caption-hover.png",
      "initialSize" : 64629,
      "fileType" : 8192
    },
    "\/index.html" : {
      "ignoreWasSetByUser" : 0,
      "ignore" : 0,
      "hidden" : 0,
      "outputPathIsSetByUser" : 0,
      "inputAbbreviatedPath" : "\/index.html",
      "outputAbbreviatedPath" : "No Output Path",
      "fileType" : 2048
    },
    "\/mockup\/example\/skin\/volume.png" : {
      "ignoreWasSetByUser" : 0,
      "ignore" : 0,
      "hidden" : 0,
      "outputPathIsSetByUser" : 0,
      "inputAbbreviatedPath" : "\/mockup\/example\/skin\/volume.png",
      "processed" : 0,
      "outputAbbreviatedPath" : "\/mockup\/example\/skin\/volume.png",
      "initialSize" : 64712,
      "fileType" : 8192
    },
    "\/mockup\/example\/skin\/balloon-top-right.png" : {
      "ignoreWasSetByUser" : 0,
      "ignore" : 0,
      "hidden" : 0,
      "outputPathIsSetByUser" : 0,
      "inputAbbreviatedPath" : "\/mockup\/example\/skin\/balloon-top-right.png",
      "processed" : 0,
      "outputAbbreviatedPath" : "\/mockup\/example\/skin\/balloon-top-right.png",
      "initialSize" : 61122,
      "fileType" : 8192
    },
    "\/skin\/control-hover.png" : {
      "ignoreWasSetByUser" : 0,
      "ignore" : 0,
      "hidden" : 0,
      "outputPathIsSetByUser" : 0,
      "inputAbbreviatedPath" : "\/skin\/control-hover.png",
      "processed" : 0,
      "outputAbbreviatedPath" : "\/skin\/control-hover.png",
      "initialSize" : 56212,
      "fileType" : 8192
    },
    "\/skin\/backups\/pause.png" : {
      "ignoreWasSetByUser" : 0,
      "ignore" : 0,
      "hidden" : 0,
      "outputPathIsSetByUser" : 0,
      "inputAbbreviatedPath" : "\/skin\/backups\/pause.png",
      "processed" : 0,
      "outputAbbreviatedPath" : "\/skin\/backups\/pause.png",
      "initialSize" : 52940,
      "fileType" : 8192
    },
    "\/sass\/print.scss" : {
      "ignoreWasSetByUser" : 0,
      "ignore" : 0,
      "hidden" : 0,
      "outputPathIsSetByUser" : 0,
      "inputAbbreviatedPath" : "\/sass\/print.scss",
      "outputStyle" : 0,
      "shouldRunBless" : 0,
      "outputAbbreviatedPath" : "\/.\/print.css",
      "fileType" : 4,
      "debugStyle" : 2
    },
    "\/skin\/volume-slider.png" : {
      "ignoreWasSetByUser" : 0,
      "ignore" : 0,
      "hidden" : 0,
      "outputPathIsSetByUser" : 0,
      "inputAbbreviatedPath" : "\/skin\/volume-slider.png",
      "processed" : 0,
      "outputAbbreviatedPath" : "\/skin\/volume-slider.png",
      "initialSize" : 53719,
      "fileType" : 8192
    },
    "\/images\/clipboardSide.png" : {
      "ignoreWasSetByUser" : 0,
      "ignore" : 0,
      "hidden" : 0,
      "outputPathIsSetByUser" : 0,
      "inputAbbreviatedPath" : "\/images\/clipboardSide.png",
      "processed" : 0,
      "outputAbbreviatedPath" : "\/images\/clipboardSide.png",
      "initialSize" : 127610,
      "fileType" : 8192
    },
    "\/mockup\/example\/skin\/pause.png" : {
      "ignoreWasSetByUser" : 0,
      "ignore" : 0,
      "hidden" : 0,
      "outputPathIsSetByUser" : 0,
      "inputAbbreviatedPath" : "\/mockup\/example\/skin\/pause.png",
      "processed" : 0,
      "outputAbbreviatedPath" : "\/mockup\/example\/skin\/pause.png",
      "initialSize" : 54931,
      "fileType" : 8192
    },
    "\/skin\/btn-replay-back.png" : {
      "ignoreWasSetByUser" : 0,
      "ignore" : 0,
      "hidden" : 0,
      "outputPathIsSetByUser" : 0,
      "inputAbbreviatedPath" : "\/skin\/btn-replay-back.png",
      "processed" : 0,
      "outputAbbreviatedPath" : "\/skin\/btn-replay-back.png",
      "initialSize" : 83925,
      "fileType" : 8192
    },
    "\/mockup\/example\/images\/bg.jpg" : {
      "ignoreWasSetByUser" : 0,
      "ignore" : 0,
      "hidden" : 0,
      "outputPathIsSetByUser" : 0,
      "inputAbbreviatedPath" : "\/mockup\/example\/images\/bg.jpg",
      "processed" : 0,
      "outputAbbreviatedPath" : "\/mockup\/example\/images\/bg.jpg",
      "initialSize" : 41407,
      "fileType" : 4096
    },
    "\/images\/clipboard.jpg" : {
      "ignoreWasSetByUser" : 0,
      "ignore" : 0,
      "hidden" : 0,
      "outputPathIsSetByUser" : 0,
      "inputAbbreviatedPath" : "\/images\/clipboard.jpg",
      "processed" : 0,
      "outputAbbreviatedPath" : "\/images\/clipboard.jpg",
      "initialSize" : 28801,
      "fileType" : 4096
    },
    "\/skin\/return.png" : {
      "ignoreWasSetByUser" : 0,
      "ignore" : 0,
      "hidden" : 0,
      "outputPathIsSetByUser" : 0,
      "inputAbbreviatedPath" : "\/skin\/return.png",
      "processed" : 0,
      "outputAbbreviatedPath" : "\/skin\/return.png",
      "initialSize" : 58635,
      "fileType" : 8192
    },
    "\/mockup\/example\/index.html" : {
      "ignoreWasSetByUser" : 0,
      "ignore" : 0,
      "hidden" : 0,
      "outputPathIsSetByUser" : 0,
      "inputAbbreviatedPath" : "\/mockup\/example\/index.html",
      "outputAbbreviatedPath" : "No Output Path",
      "fileType" : 2048
    },
    "\/skin\/prev.png" : {
      "ignoreWasSetByUser" : 0,
      "ignore" : 0,
      "hidden" : 0,
      "outputPathIsSetByUser" : 0,
      "inputAbbreviatedPath" : "\/skin\/prev.png",
      "processed" : 0,
      "outputAbbreviatedPath" : "\/skin\/prev.png",
      "initialSize" : 58006,
      "fileType" : 8192
    },
    "\/mockup\/example\/skin\/caption.png" : {
      "ignoreWasSetByUser" : 0,
      "ignore" : 0,
      "hidden" : 0,
      "outputPathIsSetByUser" : 0,
      "inputAbbreviatedPath" : "\/mockup\/example\/skin\/caption.png",
      "processed" : 0,
      "outputAbbreviatedPath" : "\/mockup\/example\/skin\/caption.png",
      "initialSize" : 64459,
      "fileType" : 8192
    },
    "\/images\/clipboard.png" : {
      "ignoreWasSetByUser" : 0,
      "ignore" : 0,
      "hidden" : 0,
      "outputPathIsSetByUser" : 0,
      "inputAbbreviatedPath" : "\/images\/clipboard.png",
      "processed" : 0,
      "outputAbbreviatedPath" : "\/images\/clipboard.png",
      "initialSize" : 58607,
      "fileType" : 8192
    },
    "\/skin\/return-hover.png" : {
      "ignoreWasSetByUser" : 0,
      "ignore" : 0,
      "hidden" : 0,
      "outputPathIsSetByUser" : 0,
      "inputAbbreviatedPath" : "\/skin\/return-hover.png",
      "processed" : 0,
      "outputAbbreviatedPath" : "\/skin\/return-hover.png",
      "initialSize" : 56196,
      "fileType" : 8192
    },
    "\/skin\/pause.png" : {
      "ignoreWasSetByUser" : 0,
      "ignore" : 0,
      "hidden" : 0,
      "outputPathIsSetByUser" : 0,
      "inputAbbreviatedPath" : "\/skin\/pause.png",
      "processed" : 0,
      "outputAbbreviatedPath" : "\/skin\/pause.png",
      "initialSize" : 54931,
      "fileType" : 8192
    },
    "\/mockup\/example\/skin\/playbarthing.png" : {
      "ignoreWasSetByUser" : 0,
      "ignore" : 0,
      "hidden" : 0,
      "outputPathIsSetByUser" : 0,
      "inputAbbreviatedPath" : "\/mockup\/example\/skin\/playbarthing.png",
      "processed" : 0,
      "outputAbbreviatedPath" : "\/mockup\/example\/skin\/playbarthing.png",
      "initialSize" : 128079,
      "fileType" : 8192
    },
    "\/mockup\/example\/skin\/balloon-bot-mid.png" : {
      "ignoreWasSetByUser" : 0,
      "ignore" : 0,
      "hidden" : 0,
      "outputPathIsSetByUser" : 0,
      "inputAbbreviatedPath" : "\/mockup\/example\/skin\/balloon-bot-mid.png",
      "processed" : 0,
      "outputAbbreviatedPath" : "\/mockup\/example\/skin\/balloon-bot-mid.png",
      "initialSize" : 60770,
      "fileType" : 8192
    },
    "\/mockup\/example\/skin\/volume-muted-hover.png" : {
      "ignoreWasSetByUser" : 0,
      "ignore" : 0,
      "hidden" : 0,
      "outputPathIsSetByUser" : 0,
      "inputAbbreviatedPath" : "\/mockup\/example\/skin\/volume-muted-hover.png",
      "processed" : 0,
      "outputAbbreviatedPath" : "\/mockup\/example\/skin\/volume-muted-hover.png",
      "initialSize" : 67335,
      "fileType" : 8192
    },
    "\/skin\/balloon-bot-left.png" : {
      "ignoreWasSetByUser" : 0,
      "ignore" : 0,
      "hidden" : 0,
      "outputPathIsSetByUser" : 0,
      "inputAbbreviatedPath" : "\/skin\/balloon-bot-left.png",
      "processed" : 0,
      "outputAbbreviatedPath" : "\/skin\/balloon-bot-left.png",
      "initialSize" : 61099,
      "fileType" : 8192
    },
    "\/images\/strings.jpg" : {
      "ignoreWasSetByUser" : 0,
      "ignore" : 0,
      "hidden" : 0,
      "outputPathIsSetByUser" : 0,
      "inputAbbreviatedPath" : "\/images\/strings.jpg",
      "processed" : 0,
      "outputAbbreviatedPath" : "\/images\/strings.jpg",
      "initialSize" : 152432,
      "fileType" : 4096
    },
    "\/mockup\/example\/js\/PM512-w12-m01.js" : {
      "ignoreWasSetByUser" : 0,
      "ignore" : 0,
      "hidden" : 0,
      "outputPathIsSetByUser" : 0,
      "inputAbbreviatedPath" : "\/mockup\/example\/js\/PM512-w12-m01.js",
      "outputStyle" : 1,
      "syntaxCheckerStyle" : 1,
      "outputAbbreviatedPath" : "\/mockup\/example\/js\/PM512-w12-m01-ck.js",
      "fileType" : 64
    },
    "\/mockup\/example\/skin\/play-hover.png" : {
      "ignoreWasSetByUser" : 0,
      "ignore" : 0,
      "hidden" : 0,
      "outputPathIsSetByUser" : 0,
      "inputAbbreviatedPath" : "\/mockup\/example\/skin\/play-hover.png",
      "processed" : 0,
      "outputAbbreviatedPath" : "\/mockup\/example\/skin\/play-hover.png",
      "initialSize" : 56031,
      "fileType" : 8192
    },
    "\/mockup\/example\/images\/s14-overall-formula.png" : {
      "ignoreWasSetByUser" : 0,
      "ignore" : 0,
      "hidden" : 0,
      "outputPathIsSetByUser" : 0,
      "inputAbbreviatedPath" : "\/mockup\/example\/images\/s14-overall-formula.png",
      "processed" : 0,
      "outputAbbreviatedPath" : "\/mockup\/example\/images\/s14-overall-formula.png",
      "initialSize" : 5659,
      "fileType" : 8192
    },
    "\/skin\/jplayer.custom.css" : {
      "ignoreWasSetByUser" : 0,
      "ignore" : 0,
      "hidden" : 0,
      "outputPathIsSetByUser" : 0,
      "inputAbbreviatedPath" : "\/skin\/jplayer.custom.css",
      "outputAbbreviatedPath" : "No Output Path",
      "fileType" : 16
    },
    "\/mockup\/example\/skin\/return-hover.png" : {
      "ignoreWasSetByUser" : 0,
      "ignore" : 0,
      "hidden" : 0,
      "outputPathIsSetByUser" : 0,
      "inputAbbreviatedPath" : "\/mockup\/example\/skin\/return-hover.png",
      "processed" : 0,
      "outputAbbreviatedPath" : "\/mockup\/example\/skin\/return-hover.png",
      "initialSize" : 56196,
      "fileType" : 8192
    },
    "\/sass\/_jplayerbackup.css.scss" : {
      "ignoreWasSetByUser" : 0,
      "ignore" : 1,
      "hidden" : 0,
      "outputPathIsSetByUser" : 0,
      "inputAbbreviatedPath" : "\/sass\/_jplayerbackup.css.scss",
      "outputStyle" : 0,
      "shouldRunBless" : 0,
      "outputAbbreviatedPath" : "\/.\/_jplayerbackup.css.css",
      "fileType" : 4,
      "debugStyle" : 2
    },
    "\/mockup\/example\/images\/s12.png" : {
      "ignoreWasSetByUser" : 0,
      "ignore" : 0,
      "hidden" : 0,
      "outputPathIsSetByUser" : 0,
      "inputAbbreviatedPath" : "\/mockup\/example\/images\/s12.png",
      "processed" : 0,
      "outputAbbreviatedPath" : "\/mockup\/example\/images\/s12.png",
      "initialSize" : 6010,
      "fileType" : 8192
    },
    "\/skin\/volume.png" : {
      "ignoreWasSetByUser" : 0,
      "ignore" : 0,
      "hidden" : 0,
      "outputPathIsSetByUser" : 0,
      "inputAbbreviatedPath" : "\/skin\/volume.png",
      "processed" : 0,
      "outputAbbreviatedPath" : "\/skin\/volume.png",
      "initialSize" : 64712,
      "fileType" : 8192
    },
    "\/skin\/play.png" : {
      "ignoreWasSetByUser" : 0,
      "ignore" : 0,
      "hidden" : 0,
      "outputPathIsSetByUser" : 0,
      "inputAbbreviatedPath" : "\/skin\/play.png",
      "processed" : 0,
      "outputAbbreviatedPath" : "\/skin\/play.png",
      "initialSize" : 63640,
      "fileType" : 8192
    },
    "\/skin\/balloon-bot-mid.png" : {
      "ignoreWasSetByUser" : 0,
      "ignore" : 0,
      "hidden" : 0,
      "outputPathIsSetByUser" : 0,
      "inputAbbreviatedPath" : "\/skin\/balloon-bot-mid.png",
      "processed" : 0,
      "outputAbbreviatedPath" : "\/skin\/balloon-bot-mid.png",
      "initialSize" : 60770,
      "fileType" : 8192
    },
    "\/mockup\/example\/skin\/balloon-bot-left.png" : {
      "ignoreWasSetByUser" : 0,
      "ignore" : 0,
      "hidden" : 0,
      "outputPathIsSetByUser" : 0,
      "inputAbbreviatedPath" : "\/mockup\/example\/skin\/balloon-bot-left.png",
      "processed" : 0,
      "outputAbbreviatedPath" : "\/mockup\/example\/skin\/balloon-bot-left.png",
      "initialSize" : 61099,
      "fileType" : 8192
    },
    "\/skin\/playbarthing.png" : {
      "ignoreWasSetByUser" : 0,
      "ignore" : 0,
      "hidden" : 0,
      "outputPathIsSetByUser" : 0,
      "inputAbbreviatedPath" : "\/skin\/playbarthing.png",
      "processed" : 0,
      "outputAbbreviatedPath" : "\/skin\/playbarthing.png",
      "initialSize" : 128079,
      "fileType" : 8192
    },
    "\/skin\/bg_cwru.jpg" : {
      "ignoreWasSetByUser" : 0,
      "ignore" : 0,
      "hidden" : 0,
      "outputPathIsSetByUser" : 0,
      "inputAbbreviatedPath" : "\/skin\/bg_cwru.jpg",
      "processed" : 0,
      "outputAbbreviatedPath" : "\/skin\/bg_cwru.jpg",
      "initialSize" : 35165,
      "fileType" : 4096
    },
    "\/mockup\/example\/js\/jquery.jplayer.js" : {
      "ignoreWasSetByUser" : 0,
      "ignore" : 0,
      "hidden" : 0,
      "outputPathIsSetByUser" : 0,
      "inputAbbreviatedPath" : "\/mockup\/example\/js\/jquery.jplayer.js",
      "outputStyle" : 1,
      "syntaxCheckerStyle" : 1,
      "outputAbbreviatedPath" : "\/mockup\/example\/js\/jquery.jplayer-ck.js",
      "fileType" : 64
    },
    "\/sass\/style.css.scss" : {
      "ignoreWasSetByUser" : 0,
      "ignore" : 0,
      "hidden" : 0,
      "outputPathIsSetByUser" : 1,
      "inputAbbreviatedPath" : "\/sass\/style.css.scss",
      "outputStyle" : 0,
      "shouldRunBless" : 0,
      "outputAbbreviatedPath" : "\/style.css",
      "fileType" : 4,
      "debugStyle" : 2
    },
    "\/config.rb" : {
      "ignoreWasSetByUser" : 0,
      "ignore" : 0,
      "hidden" : 0,
      "outputPathIsSetByUser" : 0,
      "inputAbbreviatedPath" : "\/config.rb",
      "outputAbbreviatedPath" : "No Output Path",
      "fileType" : 32768
    },
    "\/js\/jQuery.lilkev-ck.js" : {
      "ignoreWasSetByUser" : 0,
      "ignore" : 1,
      "hidden" : 0,
      "outputPathIsSetByUser" : 0,
      "inputAbbreviatedPath" : "\/js\/jQuery.lilkev-ck.js",
      "outputStyle" : 1,
      "syntaxCheckerStyle" : 1,
      "outputAbbreviatedPath" : "\/js\/jQuery.lilkev-ck-ck.js",
      "fileType" : 64
    },
    "\/skin\/btn_replay-work.png" : {
      "ignoreWasSetByUser" : 0,
      "ignore" : 0,
      "hidden" : 0,
      "outputPathIsSetByUser" : 0,
      "inputAbbreviatedPath" : "\/skin\/btn_replay-work.png",
      "processed" : 0,
      "outputAbbreviatedPath" : "\/skin\/btn_replay-work.png",
      "initialSize" : 125963,
      "fileType" : 8192
    },
    "\/skin\/playbarbuttons.png" : {
      "ignoreWasSetByUser" : 0,
      "ignore" : 0,
      "hidden" : 0,
      "outputPathIsSetByUser" : 0,
      "inputAbbreviatedPath" : "\/skin\/playbarbuttons.png",
      "processed" : 0,
      "outputAbbreviatedPath" : "\/skin\/playbarbuttons.png",
      "initialSize" : 128894,
      "fileType" : 8192
    },
    "\/mockup\/example\/skin\/balloon-top-mid.png" : {
      "ignoreWasSetByUser" : 0,
      "ignore" : 0,
      "hidden" : 0,
      "outputPathIsSetByUser" : 0,
      "inputAbbreviatedPath" : "\/mockup\/example\/skin\/balloon-top-mid.png",
      "processed" : 0,
      "outputAbbreviatedPath" : "\/mockup\/example\/skin\/balloon-top-mid.png",
      "initialSize" : 61090,
      "fileType" : 8192
    },
    "\/skin\/balloon-top-right.png" : {
      "ignoreWasSetByUser" : 0,
      "ignore" : 0,
      "hidden" : 0,
      "outputPathIsSetByUser" : 0,
      "inputAbbreviatedPath" : "\/skin\/balloon-top-right.png",
      "processed" : 0,
      "outputAbbreviatedPath" : "\/skin\/balloon-top-right.png",
      "initialSize" : 61122,
      "fileType" : 8192
    },
    "\/skin\/volume-muted.png" : {
      "ignoreWasSetByUser" : 0,
      "ignore" : 0,
      "hidden" : 0,
      "outputPathIsSetByUser" : 0,
      "inputAbbreviatedPath" : "\/skin\/volume-muted.png",
      "processed" : 0,
      "outputAbbreviatedPath" : "\/skin\/volume-muted.png",
      "initialSize" : 67695,
      "fileType" : 8192
    },
    "\/skin\/volume-hover.png" : {
      "ignoreWasSetByUser" : 0,
      "ignore" : 0,
      "hidden" : 0,
      "outputPathIsSetByUser" : 0,
      "inputAbbreviatedPath" : "\/skin\/volume-hover.png",
      "processed" : 0,
      "outputAbbreviatedPath" : "\/skin\/volume-hover.png",
      "initialSize" : 64492,
      "fileType" : 8192
    },
    "\/mockup\/example\/images\/s13.png" : {
      "ignoreWasSetByUser" : 0,
      "ignore" : 0,
      "hidden" : 0,
      "outputPathIsSetByUser" : 0,
      "inputAbbreviatedPath" : "\/mockup\/example\/images\/s13.png",
      "processed" : 0,
      "outputAbbreviatedPath" : "\/mockup\/example\/images\/s13.png",
      "initialSize" : 34063,
      "fileType" : 8192
    },
    "\/sass\/_custom.scss" : {
      "ignoreWasSetByUser" : 0,
      "ignore" : 1,
      "hidden" : 0,
      "outputPathIsSetByUser" : 0,
      "inputAbbreviatedPath" : "\/sass\/_custom.scss",
      "outputStyle" : 0,
      "shouldRunBless" : 0,
      "outputAbbreviatedPath" : "\/.\/_custom.css",
      "fileType" : 4,
      "debugStyle" : 2
    },
    "\/skin\/backups\/volume_bar.png" : {
      "ignoreWasSetByUser" : 0,
      "ignore" : 0,
      "hidden" : 0,
      "outputPathIsSetByUser" : 0,
      "inputAbbreviatedPath" : "\/skin\/backups\/volume_bar.png",
      "processed" : 0,
      "outputAbbreviatedPath" : "\/skin\/backups\/volume_bar.png",
      "initialSize" : 56990,
      "fileType" : 8192
    },
    "\/mockup\/example\/skin\/playbarbuttons.png" : {
      "ignoreWasSetByUser" : 0,
      "ignore" : 0,
      "hidden" : 0,
      "outputPathIsSetByUser" : 0,
      "inputAbbreviatedPath" : "\/mockup\/example\/skin\/playbarbuttons.png",
      "processed" : 0,
      "outputAbbreviatedPath" : "\/mockup\/example\/skin\/playbarbuttons.png",
      "initialSize" : 128894,
      "fileType" : 8192
    },
    "\/skin\/balloon-top-mid.png" : {
      "ignoreWasSetByUser" : 0,
      "ignore" : 0,
      "hidden" : 0,
      "outputPathIsSetByUser" : 0,
      "inputAbbreviatedPath" : "\/skin\/balloon-top-mid.png",
      "processed" : 0,
      "outputAbbreviatedPath" : "\/skin\/balloon-top-mid.png",
      "initialSize" : 61090,
      "fileType" : 8192
    },
    "\/mockup\/example\/skin\/jplayerbackup.css" : {
      "ignoreWasSetByUser" : 0,
      "ignore" : 0,
      "hidden" : 0,
      "outputPathIsSetByUser" : 0,
      "inputAbbreviatedPath" : "\/mockup\/example\/skin\/jplayerbackup.css",
      "outputAbbreviatedPath" : "No Output Path",
      "fileType" : 16
    },
    "\/skin\/balloon-top-left.png" : {
      "ignoreWasSetByUser" : 0,
      "ignore" : 0,
      "hidden" : 0,
      "outputPathIsSetByUser" : 0,
      "inputAbbreviatedPath" : "\/skin\/balloon-top-left.png",
      "processed" : 0,
      "outputAbbreviatedPath" : "\/skin\/balloon-top-left.png",
      "initialSize" : 72735,
      "fileType" : 8192
    },
    "\/skin\/jplayerbackup.css" : {
      "ignoreWasSetByUser" : 0,
      "ignore" : 0,
      "hidden" : 0,
      "outputPathIsSetByUser" : 0,
      "inputAbbreviatedPath" : "\/skin\/jplayerbackup.css",
      "outputAbbreviatedPath" : "No Output Path",
      "fileType" : 16
    },
    "\/skin\/backups\/volume.png" : {
      "ignoreWasSetByUser" : 0,
      "ignore" : 0,
      "hidden" : 0,
      "outputPathIsSetByUser" : 0,
      "inputAbbreviatedPath" : "\/skin\/backups\/volume.png",
      "processed" : 0,
      "outputAbbreviatedPath" : "\/skin\/backups\/volume.png",
      "initialSize" : 52886,
      "fileType" : 8192
    },
    "\/sass\/_PM512-w12-m01.css.scss" : {
      "ignoreWasSetByUser" : 0,
      "ignore" : 1,
      "hidden" : 0,
      "outputPathIsSetByUser" : 0,
      "inputAbbreviatedPath" : "\/sass\/_PM512-w12-m01.css.scss",
      "outputStyle" : 0,
      "shouldRunBless" : 0,
      "outputAbbreviatedPath" : "\/.\/_PM512-w12-m01.css.css",
      "fileType" : 4,
      "debugStyle" : 2
    },
    "\/sass\/_jplayer.custom.css.scss" : {
      "ignoreWasSetByUser" : 0,
      "ignore" : 1,
      "hidden" : 0,
      "outputPathIsSetByUser" : 0,
      "inputAbbreviatedPath" : "\/sass\/_jplayer.custom.css.scss",
      "outputStyle" : 0,
      "shouldRunBless" : 0,
      "outputAbbreviatedPath" : "\/.\/_jplayer.custom.css.css",
      "fileType" : 4,
      "debugStyle" : 2
    },
    "\/js\/modernizr.js" : {
      "ignoreWasSetByUser" : 0,
      "ignore" : 0,
      "hidden" : 0,
      "outputPathIsSetByUser" : 0,
      "inputAbbreviatedPath" : "\/js\/modernizr.js",
      "outputStyle" : 1,
      "syntaxCheckerStyle" : 1,
      "outputAbbreviatedPath" : "\/js\/modernizr-ck.js",
      "fileType" : 64
    },
    "\/mockup\/example\/skin\/btn-replay-back.png" : {
      "ignoreWasSetByUser" : 0,
      "ignore" : 0,
      "hidden" : 0,
      "outputPathIsSetByUser" : 0,
      "inputAbbreviatedPath" : "\/mockup\/example\/skin\/btn-replay-back.png",
      "processed" : 0,
      "outputAbbreviatedPath" : "\/mockup\/example\/skin\/btn-replay-back.png",
      "initialSize" : 83925,
      "fileType" : 8192
    }
  },
  "manualImportLinks" : [

  ],
  "projectSettings" : {
    "hamlNoEscapeInAttributes" : 0,
    "kitAutoOutputPathStyle" : 0,
    "lessOutputStyle" : 0,
    "hamlAutoOutputPathReplace2" : "",
    "draggedImportConcatenationStyle" : 0,
    "jadeAutoOutputPathStyle" : 0,
    "hamlEscapeHTMLCharacters" : 0,
    "javascriptAutoOutputPathStyle" : 0,
    "hamlOutputFormat" : 2,
    "stylusAutoOutputPathReplace1" : "stylus",
    "lessStrictImports" : 0,
    "sassAutoOutputPathStyle" : 0,
    "stylusAutoOutputPathReplace2" : "css",
    "lessAutoOutputPathStyle" : 2,
    "genericWebpageFileExtensionsString" : "html, htm, shtml, shtm, xhtml, php, jsp, asp, aspx, erb, ctp",
    "coffeeMinifyOutput" : 1,
    "javascriptOutputSuffix" : "-ck",
    "jadeOutputStyle" : 0,
    "coffeeAutoOutputPathStyle" : 0,
    "autoSyncProjectSettingsFile" : 1,
    "lessAutoOutputPathReplace1" : "less",
    "jadeAutoOutputPathReplace1" : "",
    "lessAutoOutputPathRelativePath" : "..\/css",
    "hamlAutoOutputPathRelativePath" : "",
    "jsCheckerReservedNamesString" : "",
    "javascriptOutputStyle" : 1,
    "stylusDebugStyle" : 0,
    "hamlUseCDATA" : 0,
    "hamlAutoOutputPathStyle" : 0,
    "sassDebugStyle" : 2,
    "hamlOutputStyle" : 0,
    "stylusAutoOutputPathRelativePath" : "..\/css",
    "jsCheckerIndent" : 4,
    "kitAutoOutputPathRelativePath" : "",
    "lessAutoOutputPathReplace2" : "css",
    "jadeAutoOutputPathReplace2" : "",
    "shouldRunBless" : 0,
    "stylusAutoOutputPathStyle" : 2,
    "coffeeCheckOutputStyle" : 0,
    "slimOutputStyle" : 1,
    "javascriptSyntaxCheckerStyle" : 2,
    "sassAutoOutputPathReplace1" : "sass",
    "slimAutoOutputPathReplace1" : "",
    "sassOutputStyle" : 0,
    "coffeeAutoOutputPathRelativePath" : "",
    "slimCompileOnly" : 0,
    "slimLogicless" : 0,
    "uglifyIndent" : 4,
    "jadeAutoOutputPathRelativePath" : "",
    "hamlUseUnixNewlines" : 0,
    "hamlAutoOutputPathReplace1" : "",
    "javascriptAutoOutputPathReplace1" : "",
    "stylusOutputStyle" : 0,
    "javascriptAutoOutputPathReplace2" : "",
    "sassAutoOutputPathRelativePath" : "..\/css",
    "coffeeAutoOutputPathReplace1" : "",
    "hamlUseDoubleQuotes" : 0,
    "coffeeAutoOutputPathReplace2" : "",
    "kitAutoOutputPathReplace1" : "",
    "uglifyReservedNamesString" : "",
    "coffeeOutputStyle" : 0,
    "slimAutoOutputPathRelativePath" : "",
    "jsHintFlags" : {
      "latedef" : 1,
      "newcap" : 1,
      "curly" : 1,
      "trailing" : 0,
      "nonew" : 1,
      "withstmt" : 0,
      "yui" : 0,
      "mootools" : 0,
      "proto" : 0,
      "boss" : 0,
      "funcscope" : 0,
      "regexdash" : 0,
      "jquery" : 1,
      "esnext" : 0,
      "camelcase" : 0,
      "es5" : 0,
      "dojo" : 0,
      "strict" : 0,
      "devel" : 1,
      "onecase" : 0,
      "wsh" : 0,
      "nonstandard" : 0,
      "asi" : 0,
      "smarttabs" : 1,
      "rhino" : 0,
      "noempty" : 0,
      "lastsemic" : 0,
      "eqnull" : 0,
      "eqeqeq" : 1,
      "couch" : 0,
      "evil" : 0,
      "expr" : 0,
      "immed" : 0,
      "globalstrict" : 0,
      "undef" : 1,
      "iterator" : 0,
      "prototypejs" : 0,
      "noarg" : 1,
      "supernew" : 0,
      "node" : 0,
      "unused" : 0,
      "debug" : 1,
      "bitwise" : 1,
      "white" : 0,
      "browser" : 1,
      "worker" : 0,
      "laxcomma" : 0,
      "multistr" : 0,
      "shadow" : 0,
      "sub" : 0,
      "regexp" : 1,
      "scripturl" : 0,
      "forin" : 0,
      "loopfunc" : 1,
      "laxbreak" : 0,
      "plusplus" : 0
    },
    "jsLintFlags" : {
      "white" : 1,
      "bitwise" : 0,
      "regexp" : 0,
      "vars" : 0,
      "anon" : 0,
      "sub" : 0,
      "stupid" : 0,
      "nomen" : 0,
      "unparam" : 0,
      "newcap" : 0,
      "'continue'" : 0,
      "sloppy" : 0,
      "fragment" : 0,
      "undef" : 0,
      "es5" : 0,
      "browser" : 1,
      "properties" : 0,
      "forin" : 0,
      "plusplus" : 1,
      "debug" : 1,
      "eqeq" : 0,
      "confusion" : 0,
      "evil" : 0,
      "on" : 1,
      "devel" : 1,
      "node" : 0,
      "rhino" : 0,
      "windows" : 0,
      "css" : 0
    },
    "uglifyFlags" : {
      "no-mangle-functions" : 0,
      "no-mangle" : 0,
      "no-copyright" : 0,
      "no-dead-code" : 0,
      "inline-script" : 0,
      "ascii" : 0,
      "unsafe" : 0,
      "mangle-toplevel" : 0,
      "no-seqs" : 1,
      "beautify" : 1,
      "lift-vars" : 0,
      "consolidate-primitive-values" : 0,
      "no-squeeze" : 0
    },
    "sassAutoOutputPathReplace2" : "css",
    "slimAutoOutputPathReplace2" : "",
    "jadeCompileDebug" : 1,
    "slimRailsCompatible" : 0,
    "kitAutoOutputPathReplace2" : "",
    "lessDebugStyle" : 0,
    "javascriptAutoOutputPathRelativePath" : "",
    "slimAutoOutputPathStyle" : 0
  },
  "projectAttributes" : {
    "bourbonEnabled" : 0,
    "displayValue" : "pearson",
    "displayValueWasSetByUser" : 0,
    "compassEnabled" : 1
  }
}