{
  "name": "frontEnd",
  "version": "0.0.0",
  "private": true,
  "description": "derp",
  "main": "controller.js",
  "scripts": {
    "start": "node-dev controller.js"
  },
  "repository": "",
  "author": "Me ",
  "license": "ISC",
  "dependencies": {
    "node-dev": "~2.1.x",
    "express": "~3.4.x",
    "express-hbs": "~0.7.x",
    "glob": "~3.2.x",
    "karma-chrome-launcher": "*",
    "karma-script-launcher": "*",
    "karma-firefox-launcher": "*",
    "requirejs": "~2.1.x",
    "karma-requirejs": "*",
    "karma-phantomjs-launcher": "*",
    "karma": "*",
    "grunt": "~0.4.x",
    "grunt-cli": "~0.1.x"
  },
  "devDependencies": {
    "jshint": "~2.4.x",
    "mocha": "~1.17.x",
    "jsdom": "~0.10.x",
    "growl": "~1.7.x",
    "kss": "~0.3.x",
    "grunt-contrib-jshint": "~0.8.x",
    "grunt-mocha": "~0.4.x",
    "grunt-karma": "~0.8.x",
    "grunt-shell": "~0.6.x",
    "grunt-contrib-sass": "~0.7.x",
    "grunt-contrib-watch": "~0.5.x",
    "grunt-kss": "~0.2.x",
    "grunt-jsdoc": "~0.5.x",
    "grunt-styleguide": "~0.2.x",
    "chai-jq": "0.0.x",
    "karma-chai": "~0.1.0",
    "karma-mocha": "~0.1.x",
    "karma-growl-reporter": "~0.1.x",
    "karma-requirejs": "~0.2.x",
    "karma-mocha-reporter": "~0.2.x",
    "karma-growl": "~0.1.x",
    "karma": "~0.12.x",
    "karma-chrome-launcher": "~0.1.x",
    "karma-htmlfile-reporter": "~0.1.0"
  }
}
